{
    "$schema": "https://schema.management.azure.com/schemas/2015-01-01/deploymentTemplate.json#",
    "contentVersion": "1.0.0.0",
    "parameters": {
        "sites_heartbeatservice_blobtrigger_dev_name": {
            "defaultValue": "heartbeatservice-blobtrigger-dev",
            "type": "String"
        },
        "serverfarms_dev_heartbeat_we_externalid": {
            "defaultValue": "/subscriptions/714b5199-9e71-4d3d-ad96-b27b19a60640/resourceGroups/heartbeat/providers/Microsoft.Web/serverfarms/dev-heartbeat-we",
            "type": "String"
        }
    },
    "variables": {},
    "resources": [
        {
            "type": "Microsoft.Web/sites",
            "apiVersion": "2016-08-01",
            "name": "[parameters('sites_heartbeatservice_blobtrigger_dev_name')]",
            "location": "West Europe",
            "tags": {
                "hidden-related:/subscriptions/96f6e678-f438-4a6a-b141-fb3dc3dd33c0/resourceGroups/heartbeat/providers/Microsoft.Web/serverfarms/dev-heartbeat-we": "empty"
            },
            "kind": "functionapp",
            "identity": {
                "principalId": "358e2774-0667-40b6-9276-fae47f6f14d7",
                "tenantId": "03e6c03e-074e-474c-8d40-3eac96d82a77",
                "type": "SystemAssigned"
            },
            "properties": {
                "enabled": true,
                "hostNameSslStates": [
                    {
                        "name": "[concat(parameters('sites_heartbeatservice_blobtrigger_dev_name'), '.azurewebsites.net')]",
                        "sslState": "Disabled",
                        "hostType": "Standard"
                    },
                    {
                        "name": "[concat(parameters('sites_heartbeatservice_blobtrigger_dev_name'), '.scm.azurewebsites.net')]",
                        "sslState": "Disabled",
                        "hostType": "Repository"
                    }
                ],
                "serverFarmId": "[parameters('serverfarms_dev_heartbeat_we_externalid')]",
                "reserved": false,
                "scmSiteAlsoStopped": false,
                "clientAffinityEnabled": false,
                "clientCertEnabled": false,
                "hostNamesDisabled": false,
                "containerSize": 1536,
                "dailyMemoryTimeQuota": 0,
                "httpsOnly": true
            }
        },
        {
            "type": "Microsoft.Web/sites/config",
            "apiVersion": "2016-08-01",
            "name": "[concat(parameters('sites_heartbeatservice_blobtrigger_dev_name'), '/web')]",
            "location": "West Europe",
            "dependsOn": [
                "[resourceId('Microsoft.Web/sites', parameters('sites_heartbeatservice_blobtrigger_dev_name'))]"
            ],
            "tags": {
                "hidden-related:/subscriptions/96f6e678-f438-4a6a-b141-fb3dc3dd33c0/resourceGroups/heartbeat/providers/Microsoft.Web/serverfarms/dev-heartbeat-we": "empty"
            },
            "properties": {
                "numberOfWorkers": 1,
                "defaultDocuments": [
                    "Default.htm",
                    "Default.html",
                    "Default.asp",
                    "index.htm",
                    "index.html",
                    "iisstart.htm",
                    "default.aspx",
                    "index.php"
                ],
                "netFrameworkVersion": "v4.0",
                "phpVersion": "5.6",
                "pythonVersion": "",
                "nodeVersion": "",
                "linuxFxVersion": "",
                "requestTracingEnabled": false,
                "remoteDebuggingEnabled": false,
                "httpLoggingEnabled": false,
                "logsDirectorySizeLimit": 35,
                "detailedErrorLoggingEnabled": false,
                "publishingUsername": "$heartbeatservice-blobtrigger-dev",
                "scmType": "None",
                "use32BitWorkerProcess": true,
                "webSocketsEnabled": false,
                "alwaysOn": false,
                "appCommandLine": "",
                "managedPipelineMode": "Integrated",
                "virtualApplications": [
                    {
                        "virtualPath": "/",
                        "physicalPath": "site\\wwwroot",
                        "preloadEnabled": false,
                        "virtualDirectories": null
                    }
                ],
                "winAuthAdminState": 0,
                "winAuthTenantState": 0,
                "customAppPoolIdentityAdminState": false,
                "customAppPoolIdentityTenantState": false,
                "loadBalancing": "LeastRequests",
                "routingRules": [],
                "experiments": {
                    "rampUpRules": []
                },
                "autoHealEnabled": false,
                "vnetName": "",
                "siteAuthEnabled": false,
                "siteAuthSettings": {
                    "enabled": null,
                    "unauthenticatedClientAction": null,
                    "tokenStoreEnabled": null,
                    "allowedExternalRedirectUrls": null,
                    "defaultProvider": null,
                    "clientId": null,
                    "clientSecret": null,
                    "clientSecretCertificateThumbprint": null,
                    "issuer": null,
                    "allowedAudiences": null,
                    "additionalLoginParams": null,
                    "isAadAutoProvisioned": false,
                    "googleClientId": null,
                    "googleClientSecret": null,
                    "googleOAuthScopes": null,
                    "facebookAppId": null,
                    "facebookAppSecret": null,
                    "facebookOAuthScopes": null,
                    "twitterConsumerKey": null,
                    "twitterConsumerSecret": null,
                    "microsoftAccountClientId": null,
                    "microsoftAccountClientSecret": null,
                    "microsoftAccountOAuthScopes": null
                },
                "cors": {
                    "allowedOrigins": [
                        "https://functions.azure.com",
                        "https://functions-staging.azure.com",
                        "https://functions-next.azure.com"
                    ],
                    "supportCredentials": false
                },
                "localMySqlEnabled": false,
                "managedServiceIdentityId": 12631,
                "http20Enabled": false,
                "minTlsVersion": "1.2",
                "ftpsState": "AllAllowed",
                "reservedInstanceCount": 0
            }
        },
        {
            "type": "Microsoft.Web/sites/hostNameBindings",
            "apiVersion": "2016-08-01",
            "name": "[concat(parameters('sites_heartbeatservice_blobtrigger_dev_name'), '/', parameters('sites_heartbeatservice_blobtrigger_dev_name'), '.azurewebsites.net')]",
            "location": "West Europe",
            "dependsOn": [
                "[resourceId('Microsoft.Web/sites', parameters('sites_heartbeatservice_blobtrigger_dev_name'))]"
            ],
            "properties": {
                "siteName": "heartbeatservice-blobtrigger-dev",
                "hostNameType": "Verified"
            }
        }
    ]
}